Date,Category,Headline,Details,Affected_Products,Source
2025-04-13,"Sector Analysis","Renewable Energy Stocks Outlook Positive Despite Supply Chain Snags","Long-term outlook for renewable energy remains strong due to government initiatives and ESG focus, though near-term profitability may be impacted by lingering supply chain issues for components like polysilicon.","RE ETF, Solar Stocks, Wind Power Cos","Internal Research Note"
2025-04-12,"Internal Training","Mandatory AML Refresher Training Due by April 30th","All client-facing staff must complete the updated AML/CTF Refresher module on the internal training portal by the end of April. Failure to complete may impact system access.","N/A","Compliance Dept Memo"
2025-04-11,"Market Update","Global Tech Stocks Rally on Positive Chip Sector News","Major semiconductor manufacturers reported better-than-expected earnings guidance, leading to a broad rally in technology stocks worldwide. Nasdaq saw significant gains.","TECH ETF, SEMI ETF, MSFT, NVDA","Reuters"
2025-04-11,"Competitor News","Rival Firm 'AlphaInvest' Launches Low-Cost Robo-Advisor Platform","Competitor AlphaInvest has launched a new digital-only investment platform targeting younger investors with very low management fees. Monitor impact on client acquisition.","N/A","Industry News Feed"
2025-04-10,"Product Change","New ESG Focused Fund Launched: 'GreenFuture Growth'","FinTech AI Advisor Corp now offers the GreenFuture Growth Fund (GFG), focusing on companies with strong Environmental, Social, and Governance scores across renewable energy and sustainable practices sectors.","GFG Fund","Internal Memo"
2025-04-10,"Macroeconomic Trend","Persistent Inflation Remains Key Concern for Global Markets","Despite some moderation, core inflation levels in major economies remain above central bank targets, suggesting interest rates may stay higher for longer than previously anticipated.","Global Equities, Fixed Income, Currencies","Economic Research Report"
2025-04-09,"Regulation","Central Bank Issues New Guidance on Digital Asset Custody","The Central Bank of Sri Lanka released updated requirements for institutions providing custody services for digital assets, emphasizing enhanced security protocols and risk management frameworks.","Digital Assets, Crypto Services","Central Bank Website"
2025-04-09,"Market Update","Sri Lankan Rupee (LKR) Strengthens Against USD","The LKR showed continued strength against the US dollar, supported by improved foreign currency inflows from tourism and remittances.","LKR, USD/LKR FX Rate, Import/Export Cos","Central Bank Data"
2025-04-08,"Economic News","Inflation Rate Shows Signs of Moderating in Eurozone","Latest Eurozone CPI data indicated a slight decrease month-over-month, potentially reducing pressure on the ECB for further aggressive rate hikes. Market reaction was cautiously optimistic.","EUR Bonds, EU Stocks","Bloomberg"
2025-04-08,"Product Change","Leveraged ETF Risk Disclosure Updated","The standard risk disclosure document for leveraged and inverse ETFs has been updated with clearer warnings about daily rebalancing effects and suitability for long-term holding. Ensure clients receive v3.1 disclosure.","Leveraged ETFs, Inverse ETFs","Compliance Update"
2025-04-07,"Market Update","Commodity Prices Surge Amid Geopolitical Tensions","Oil and precious metal prices increased significantly due to rising geopolitical uncertainty in key regions. This may impact inflation outlooks and energy sector stocks.","OIL, GOLD, XLE ETF, GLD ETF","MarketWatch"
2025-04-07,"Sector Analysis","Sri Lanka Tourism Sector Exceeds Q1 Targets","Tourist arrivals and earnings in Sri Lanka surpassed official targets for the first quarter of 2025, boosting hospitality and related sectors.","Hotel Stocks, Travel Cos (LK)","Tourism Authority Report"
2025-04-05,"Product Change","Risk Profile Rebalancing Triggered for 'Moderate' Clients","Automated portfolio reviews have triggered rebalancing recommendations for clients in the 'Moderate' risk category due to recent shifts in sector performance. Advisors/Bot to communicate specifics.","All 'Moderate' Portfolios","Internal System Alert"
2025-04-04,"Regulation","Consultation Paper Released on Open Banking Framework","The Ministry of Finance has released a consultation paper seeking industry feedback on a proposed Open Banking framework for Sri Lanka, potentially impacting data sharing and fintech innovation.","Fintech Sector (LK), Banks (LK)","Ministry of Finance"
2025-04-03,"Market Update","Asian Markets Mixed Following US Fed Chair Comments","Markets across Asia showed mixed performance after comments from the US Federal Reserve Chair provided little new direction on future monetary policy. Uncertainty persists.","Asia Equity ETFs, Regional Indices","Financial Times"
2025-04-03,"Internal Training","Cybersecurity Awareness: Phishing Simulation Results","Results from the Q1 phishing simulation test are available. Departments with lower success rates will receive targeted follow-up training. Emphasize reporting suspicious emails.","N/A","IT Security Dept"
2025-04-02,"Regulation","Update to Advisor Certification Requirements Announced","The financial regulator announced upcoming changes to mandatory certifications for financial advisors, effective Q4 2025. Details on required modules to follow.","Advisor Compliance","Internal Compliance Dept"
2025-04-01,"Product Change","Minor Adjustment to 'Balanced Income Fund' Asset Allocation","The target allocation for the Balanced Income Fund (BIF) has been slightly adjusted, increasing exposure to investment-grade corporate bonds by 2% and reducing cash holdings.","BIF Fund","Fund Fact Sheet Update"
2025-03-31,"Economic News","US Job Market Remains Resilient Despite Rate Hikes","Latest US non-farm payroll data showed continued job growth, indicating economic resilience but potentially complicating the Federal Reserve's inflation fight.","USD, US Equities, US Treasuries","Bureau of Labor Statistics"
2025-03-30,"Economic News","Sri Lanka GDP Growth Forecast Revised Upwards","Independent economic analysts revised Sri Lanka's GDP growth forecast slightly upwards for the second half of 2025, citing improved tourism and export figures.","LKR Assets, CSE Stocks","Local News Agency"
2025-03-29,"Market Update","Volatility Index (VIX) Decreases as Market Sentiment Improves Slightly","The VIX, often seen as a 'fear gauge', trended lower, suggesting reduced short-term market anxiety, though underlying concerns remain.","VIX Futures, Equity Options","Market Data Provider"
2025-03-28,"Sector Analysis","Pharmaceutical Sector Sees M&A Activity Increase","Several merger and acquisition deals were announced in the global pharmaceutical sector, potentially indicating consolidation and growth focus.","Pharma Stocks, Healthcare ETF","Industry Journals"
2025-03-27,"Regulation","Clarification Issued on Tax Treatment of Foreign Investments","The Inland Revenue Department issued a circular clarifying the tax reporting requirements for residents holding certain types of foreign assets and investments.","Tax Advisory, Foreign Stocks/Bonds","Inland Revenue Dept (LK)"
2025-03-26,"Product Change","Termination of 'Global Small Cap Value Fund' Announced","Due to diminishing AUM, the GSCV Fund will be terminated and liquidated, effective 2025-06-30. Affected clients are being notified with reinvestment options.","GSCV Fund","Client Communication Notice"
2025-03-25,"Market Update","Colombo Stock Exchange (CSE) All Share Price Index (ASPI) Gains","The ASPI closed higher, driven by gains in banking and diversified financial stocks. Trading volumes were moderate.","ASPI Index, Banking Stocks (LK), Diversified Financials (LK)","CSE Daily Report"
2025-03-24,"Competitor News","Fintech 'PayWise' Expands into Remittance Services","Local digital payment provider PayWise announced its entry into the international remittance market, potentially increasing competition in that space.","Remittance Services, Banking Sector (LK)","PayWise Press Release"
2025-03-21,"Macroeconomic Trend","Global Shift Towards Deglobalization Impacting Supply Chains","Ongoing geopolitical shifts and nationalistic policies are leading companies to reassess global supply chains, potentially favoring regionalization and increasing costs in some sectors.","Global Trade, Manufacturing Sector, Logistics Cos","Economic Forum Report"
2025-03-20,"Internal Training","AI Advisor Bot - New Feature Training: Portfolio Simulation","Training session scheduled for next week on using the Bot's new portfolio simulation feature, allowing clients to model potential investment outcomes. Sign-up required.","N/A","Product Development Team"